n_iter	log10eta	R0	llh
0.0	-1.9999999999999947	3.800000000000001	-66.35876230136297
0.0	-1.9999999999999947	3.9000000000000012	-71.46084731109916
0.0	-1.9999999999999947	4.000000000000002	-67.82078762507493
