n_iter	log10eta	R0	llh
0.0	-1.9999999999999947	3.9000000000000012	-72.19534651502126
0.0	-1.9999999999999947	4.000000000000002	-63.13125054254403
