n_iter	log10eta	R0	llh
0.0	-1.9999999999999947	3.9000000000000012	-78.19704760151873
0.0	-1.9999999999999947	4.000000000000002	-79.56664426932687
