n_iter	log10eta	R0	llh
0.0	-1.9999999999999947	3.9000000000000012	-73.59947506913016
0.0	-1.9999999999999947	4.000000000000002	-86.84612961355101
