n_iter	log10eta	R0	llh
0.0	-1.9999999999999947	3.9000000000000012	-66.28631574028799
0.0	-1.9999999999999947	4.000000000000002	-77.47007848412761
