n_iter	log10eta	R0	llh
0.0	-1.9999999999999947	4.000000000000002	-75.34887789711198
