n_iter	log10eta	R0	llh
0.0	-1.9999999999999947	3.2000000000000006	-36.52856317223541
0.0	-1.9999999999999947	3.3000000000000007	-37.87368078190968
0.0	-1.9999999999999947	3.400000000000001	-40.0695203179546
0.0	-1.9999999999999947	3.500000000000001	-45.40913231923128
0.0	-1.9999999999999947	3.600000000000001	-53.961066519393555
0.0	-1.9999999999999947	3.700000000000001	-65.92342159936547
0.0	-1.9999999999999947	3.800000000000001	-58.94216410218371
0.0	-1.9999999999999947	3.9000000000000012	-74.68619545827511
0.0	-1.9999999999999947	4.000000000000002	-77.8021614193579
