n_iter	log10eta	R0	llh
0.0	-1.9999999999999947	3.800000000000001	-62.90661340825837
0.0	-1.9999999999999947	3.9000000000000012	-68.2253313905968
0.0	-1.9999999999999947	4.000000000000002	-77.69908005380086
