n_iter	log10eta	R0	llh
0.0	-1.9999999999999947	3.700000000000001	-52.968048228509204
0.0	-1.9999999999999947	3.800000000000001	-69.69282264184628
0.0	-1.9999999999999947	3.9000000000000012	-58.96531099234436
0.0	-1.9999999999999947	4.000000000000002	-68.04890967544503
