n_iter	R0	timestart	llh
0.0	5.899999999999999	-38.0	-inf
0.0	5.899999999999999	-40.0	-inf
0.0	5.899999999999999	-42.0	-inf
0.0	5.899999999999999	-44.0	-inf
0.0	5.899999999999999	-46.0	-inf
0.0	5.899999999999999	-48.0	-inf
0.0	5.899999999999999	-50.0	-inf
