n_iter	log10eta	R0	llh
0.0	-3.799999999999996	2.5	-31.87611117916159
