n_iter	log10eta	R0	llh
0.0	-3.599999999999996	2.7	-28.984673869771747
