n_iter	log10eta	R0	llh
0.0	-5.1999999999999975	3.5	-33.30089730972682
