n_iter	log10eta	R0	llh
0.0	-2.599999999999995	3.0	-28.77537289749491
