n_iter	log10eta	R0	llh
0.0	-2.999999999999996	3.5	-28.768968099936046
