n_iter	log10eta	R0	llh
0.0	-3.999999999999997	3.3	-29.521189739365727
