n_iter	log10eta	R0	llh
0.0	-3.5999999999999956	3.8	-31.820624169747052
