n_iter	log10eta	R0	llh
0.0	-1.999999999999995	2.6	-29.15149225430471
