n_iter	log10eta	R0	llh
0.0	-5.799999999999998	3.3	-32.947081054063986
