n_iter	log10eta	R0	llh
0.0	-4.599999999999997	3.9	-29.81796834660696
