n_iter	log10eta	R0	llh
0.0	-4.199999999999997	3.2	-29.20210004209621
