n_iter	log10eta	R0	llh
0.0	-5.799999999999998	3.6	-31.415515349354564
