n_iter	log10eta	R0	llh
0.0	-3.5999999999999956	2.9	-29.314828459996875
