n_iter	log10eta	R0	llh
0.0	-2.1999999999999953	2.3	-28.414150181722142
