n_iter	log10eta	R0	llh
0.0	-1.999999999999995	2.2	-29.176964410563542
