n_iter	log10eta	R0	llh
0.0	-3.199999999999996	2.7	-28.760833182592442
