n_iter	log10eta	R0	llh
0.0	-2.599999999999995	2.5	-28.605437783884298
