n_iter	log10eta	R0	llh
0.0	-6.599999999999999	3.4	-29.713784936148674
