n_iter	log10eta	R0	llh
0.0	-5.399999999999998	3.4	-29.528505763389177
