n_iter	log10eta	R0	llh
0.0	-4.999999999999997	3.6	-30.672783397809553
