n_iter	log10eta	R0	llh
0.0	-3.999999999999997	2.8	-30.306235950412407
