n_iter	log10eta	R0	llh
0.0	-3.399999999999996	2.6	-28.61294209029646
