n_iter	log10eta	R0	llh
0.0	-2.7999999999999954	2.3	-28.66944124754631
