n_iter	log10eta	R0	llh
0.0	-5.1999999999999975	2.5	-30.99443059737798
