n_iter	log10eta	R0	llh
0.0	-3.799999999999996	2.6	-28.74601132372151
1.0	-3.399999999999996	2.5	-28.639582201464187
2.0	-3.199999999999996	2.4	-28.853097487478497
3.0	-2.999999999999996	2.3	-29.48043559485687
4.0	-3.399999999999996	2.4	-29.047680712858558
5.0	-3.5999999999999956	2.5	-28.846093858127418
6.0	-2.7999999999999954	2.3	-29.17240994016541
7.0	-2.399999999999995	2.3	-29.159078145295105
8.0	-2.599999999999995	2.3	-28.67460835106316
9.0	-3.399999999999996	2.6	-29.53430347775534
