n_iter	log10eta	R0	llh
0.0	-2.999999999999996	2.3	-28.98522781450615
