n_iter	log10eta	R0	llh
0.0	-4.399999999999997	3.0	-29.013832138096838
