n_iter	log10eta	R0	llh
0.0	-6.599999999999999	3.0	-30.697713560282274
